Age,Number of sexual partners,First sexual intercourse,Num of pregnancies,Smokes,Smokes (years),Smokes (packs/year),Hormonal Contraceptives,Hormonal Contraceptives (years),IUD,IUD (years),STDs,STDs (number),STDs:condylomatosis,STDs:cervical condylomatosis,STDs:vaginal condylomatosis,STDs:vulvo-perineal condylomatosis,STDs:syphilis,STDs:pelvic inflammatory disease,STDs:genital herpes,STDs:molluscum contagiosum,STDs:AIDS,STDs:HIV,STDs:Hepatitis B,STDs:HPV,STDs: Number of diagnosis,STDs: Time since first diagnosis,STDs: Time since last diagnosis,Dx:Cancer,Dx:CIN,Dx:HPV,Dx
25.0,2.0,17.0,2.0,0.0,0.0,0.0,1.0,0.5,0.0,0.0,0.0,0.0,0.0,0.0,0.0,0.0,0.0,0.0,0.0,0.0,0.0,0.0,0.0,0.0,0.0,4.0,3.0,0.0,0.0,0.0,0.0
26.82051282051282,2.511655011655012,16.995337995337994,2.257575757575758,0.14335664335664336,1.2012407851223776,0.44627813321515153,0.6864801864801865,2.035331469745921,0.09673659673659674,0.44460372960372957,0.09207459207459208,0.155011655011655,0.05128205128205128,0.0,0.004662004662004662,0.05011655011655012,0.02097902097902098,0.0011655011655011655,0.0011655011655011655,0.0011655011655011655,0.0,0.02097902097902098,0.0011655011655011655,0.002331002331002331,0.08741258741258741,4.177156177156177,3.233100233100233,0.02097902097902098,0.01048951048951049,0.02097902097902098,0.027972027972027972
20.0,1.0,17.0,2.0,0.0,0.0,0.0,0.0,0.5,0.0,0.0,0.0,0.0,0.0,0.0,0.0,0.0,0.0,0.0,0.0,0.0,0.0,0.0,0.0,0.0,0.0,4.0,3.0,0.0,0.0,0.0,0.0
45.0,6.0,17.0,2.0,1.0,15.0,0.0,1.0,0.5,0.0,0.0,1.0,2.0,0.0,0.0,0.0,0.0,0.0,0.0,0.0,0.0,0.0,0.0,0.0,0.0,0.0,4.0,3.0,0.0,0.0,0.0,0.0
32.0,3.0,18.0,3.0,0.0,0.0,0.0,1.0,2.0,0.0,0.0,0.0,0.0,0.0,0.0,0.0,0.0,0.0,0.0,0.0,0.0,0.0,0.0,0.0,0.0,0.0,4.0,3.0,0.0,0.0,0.0,0.0
